{
  "0":"https://finance.yahoo.com/quote/{}{}",
  "1":"https://www.morningstar.com/api/v2/search/Securities/500/usquote-us/?q={}{}",
  "2":"https://www.morningstar.com/api/v2/search/Securities/500/usquote-noneus/?q={}{}",
  "3":"https://www.morningstar.com/api/v2/search/securities/500/usquote-v2/?q={}{}",
  "4":"http://quotes.morningstar.com/stockq/c-company-profile?t={}:{}",
  "5":"http://quotes.morningstar.com/stockq/c-header?t={}:{}",
  "6":"http://financials.morningstar.com/valuate/valuation-history.action?type=price-earnings&t={}:{}&culture=en-US&order=asc",
  "7":"http://financials.morningstar.com/finan/financials/getKeyStatPart.html?t={}:{}&culture=en-US&order=asc",
  "8":"http://financials.morningstar.com/finan/financials/getFinancePart.html?t={}:{}&culture=en-US&order=asc",
  "9":"http://performance.morningstar.com/perform/Performance/stock/exportStockPrice.action?t={}:{}&pd=1yr&freq=d&pg=0&culture=en-US",
  "10":"http://financials.morningstar.com/ajax/ReportProcess4HtmlAjax.html?t={}:{}&region=usa&culture=en-US&reportType=is&period=12&dataType=A&order=asc&columnYear=5&curYearPart=1st5year&rounding=3&number=1",
  "11":"http://financials.morningstar.com/ajax/ReportProcess4HtmlAjax.html?t={}:{}&region=usa&culture=en-US&reportType=is&period=3&dataType=A&order=asc&columnYear=5&curYearPart=1st5year&rounding=3&number=1",
  "12":"http://financials.morningstar.com/ajax/ReportProcess4HtmlAjax.html?t={}:{}&region=usa&culture=en-US&reportType=cf&period=12&dataType=A&order=asc&columnYear=5&curYearPart=1st5year&rounding=3&number=1",
  "13":"http://financials.morningstar.com/ajax/ReportProcess4HtmlAjax.html?t={}:{}&region=usa&culture=en-US&reportType=cf&period=3&dataType=A&order=asc&columnYear=5&curYearPart=1st5year&rounding=3&number=1",
  "14":"http://financials.morningstar.com/ajax/ReportProcess4HtmlAjax.html?t={}:{}&region=usa&culture=en-US&reportType=bs&period=12&dataType=A&order=asc&columnYear=5&curYearPart=1st5year&rounding=3&number=1",
  "15":"http://financials.morningstar.com/ajax/ReportProcess4HtmlAjax.html?t={}:{}&region=usa&culture=en-US&reportType=bs&period=3&dataType=A&order=asc&columnYear=5&curYearPart=1st5year&rounding=3&number=1",
  "16":"http://insiders.morningstar.com/insiders/trading/insider-activity-data2.action?&t={}:{}&region=usa&culture=en-US&cur=&yc=1&tc=&pageSize=100&_=1556547256995"
}
